-122.330453,47.564922,"Costco: Seattle (Gas),","I-5 Exit 163; 4401 4th Avenue South, Seattle, WA, 98134, 206-674-1220, Car Wash, #0001,"
-122.524464,45.55945,"Costco: Portland (Gas),","4849 NE 138th Avenue, Portland, OR, 97230, 503-258-3700,  #0002,"
-122.24834,47.445595,"Costco: Tukwila (Gas/Diesel),","400 Costco Dr Ste 150, Tukwila, WA, 98188, 206-575-9191,  #0006,"
-122.181657,47.680819,"Costco: Kirkland (Gas),","I-405 Exit 18; 8629 120th Avenue NE, Kirkland, WA, 98033, 425-827-1693,  #0008,"
-122.842331,45.508693,"Costco: Aloha (Gas),","15901 SW Jenkins, Aloha, OR, 97006, 503-644-7615,  #0009,"
-149.88409,61.143268,"Costco: Anchorage (Gas),","330 West Dimond Blvd, Anchorage, AK, 99515, 907-349-2335,  #0010,"
-122.68119,47.656953,"Costco: Silverdale (Gas),","10000 Mickelberry Rd NW, Silverdale, WA, 98383, 360-692-1140,  #0013,"
-123.066212,44.088856,"Costco: Eugene (Gas),","2828 Chad Dr, Eugene, OR, 97408, 541-285-2000,  #0017,"
-122.48907,48.798213,"Costco: Bellingham (Gas),","I-5 Exit 256; 4299 Meridian St, Bellingham, WA, 98226, 360-671-6947,  #0019,"
-121.972853,37.78259,"Costco: Danville,","I-680 Exit 38; 3150 Fostoria Way, Danville, CA, 94526, 925-277-0407,  #0021,"
-117.318536,34.515099,"Costco: Victorville (Gas),","I-15 Exit 151; 14555 Valley Center Dr, Victorville, CA, 92392, 760-524-9904, Car Wash, #0022,"
-120.421295,34.936701,"Costco: Santa Maria,","Hwy 101 Exit 170; 1335 South Bradley Hwy, Santa Maria, CA, 93454, 805-922-9887,  #0024,"
-119.78509,39.503098,"Costco: Reno (Gas),","2200 Harvard Way, Reno, NV, 89502, 775-689-2200,  #0025,"
-117.676959,33.555311,"Costco: Laguna Niguel (Gas),","27972 Cabot Rd, Laguna Niguel, CA, 92677, 949-364-0217,  #0028,"
-121.267708,38.780118,"Costco: Roseville,","Hwy 65 Exit 307; 6750 Stanford Ranch Rd, Roseville, CA, 95678, 916-789-1485,  #0029,"
-119.874082,36.809907,"Costco: Fresno (Gas),","Hwy 99 Exit 140; 4500 W Shaw Ave, Fresno, CA, 93722, 559-271-6511,  #0031,"
-115.162748,36.17158,"Business Center: Las Vegas (Gas),","222 S Martin Luther King Blvd, Las Vegas, NV, 89106, 702-384-6247,  #0035,"
-121.292752,38.018799,"Costco: Stockton (Gas),","Hwy 99 Exit 258; 1616 East Hammer Ln, Stockton, CA, 95210, 209-478-2045,  #0038,"
-122.711425,38.419813,"Costco: Santa Rosa (Gas),","Hwy 101 Exit 488; 1900 Santa Rosa Ave, Santa Rosa, CA, 95407, 707-566-6420,  #0041,"
-118.596119,34.218644,"Costco: Canoga Park,","21300 Roscoe Blvd, Canoga Park, CA, 91304, 818-884-9099,  #0044,"
-118.463562,34.181421,"Costco: Van Nuys (Gas),","I-405 Exit 65; 6100 Sepulveda Blvd, Van Nuys, CA, 91411, 818-464-1480,  #0048,"
-122.9189,49.25132,"Costco: Burnaby,","3550 Brighton Avenue, Burnaby, BC, V5A 4W3, 604-420-2338,  #0051,"
-123.122824,49.192502,"Costco: Richmond,","Hwy 99 Exit 39; 9151 Bridgeport Road, Richmond, BC, V6X 3L9, 604-270-6523,  #0054,"
-123.000333,49.260845,"Costco: Willingdon,","Hwy 1 Exit 29; 4500 Still Creek Dr, Willingdon, BC, V3C 0E5, 604-296-5100,  #0054,"
-122.84572,49.13744,"Costco: Surrey,","7423 King George Highway, Surrey, BC, V3W 5A8, 604-596-7435,  #0055,"
-113.98864,51.07883,"Costco: Calgary North,","2853 32nd Street NE, Calgary, AB, T1Y 6T7, 403-299-1620,  #0056,"
-97.198652,49.904268,"Costco: Winnipeg West,","1315 St. James Street, Winnipeg, MB, R3H 0K9, 204-788-4754,  #0057,"
-119.419494,49.887018,"Costco: Kelowna,","2479 Highway 97, Kelowna, BC, V1X 4J2, 250-868-9512,  #0059,"
-122.309595,47.286913,"Costco: Federal Way (Gas),","I-5 Exit 142; 35100 Enchanted Pkwy S, Federal Way, WA, 98003, 253-874-3652,  #0061,"
-120.500219,46.562265,"Costco: Union Gap (Gas),","2310 Longfibre Rd, Union Gap, WA, 98903, 509-454-5240,  #0062,"
-149.803725,61.211183,"Costco: Anchorage NE (Gas),","4125 DeBarr Rd, Anchorage, AK, 99508, 907-269-9510,  #0063,"
-122.915908,46.996217,"Costco: Tumwater (Gas),","I-5 Exit 102; 5500 Littlerock Rd, Tumwater, WA, 98512, 360-357-9743,  #0064,"
-122.858953,42.369006,"Costco: Medford (Gas),","3639 Crater Lake Hwy, Medford, OR, 97504, 541-734-4227,  #0065,"
-117.41381,47.727662,"Costco: Spokane North (Gas),","7619 North Division St, Spokane, WA, 99208, 509-466-9668,  #0066,"
-114.037798,46.895218,"Costco: Missoula (Gas),","3220 Northern Pacific Ave, Missoula, MT, 59808, 406-543-6445,  #0067,"
-122.995395,44.919209,"Costco: Salem (Gas),","1010 Hawthorne Ave SE, Salem, OR, 97301, 503-371-1729,  #0068,"
-108.572908,45.75336,"Costco: Billings (Gas/Diesel),","2290 King Ave West, Billings, MT, 59102, 406-652-8765,  #0069,"
-80.150038,26.273362,"Costco: Pompano Beach (Gas),","I-95 Exit 39; 1800 West Sample Rd, Pompano Beach, FL, 33064, 954-247-3554,  #0088,"
-80.247437,26.096586,"Costco: Davie,","I-595 Exit 5; 1890 South University Dr, Davie, FL, 33324, 954-370-8990,  #0091,"
-80.331173,25.774104,"Costco: Miami,","8300 Park Blvd, Miami, FL, 33126, 305-267-0641,  #0092,"
-80.087587,26.807198,"Costco: Palm Beach Gardens,","I-95 Exit 77; 3250 Northlake Blvd, Lake Park, FL, 33403, 561-624-1693,  #0093,"
-122.468144,47.224718,"Costco: Tacoma (Gas),","I-5 Exit 132 or 133; 2219 South 37th Street, Tacoma, WA, 98409, 253-671-6000,  #0095,"
-111.070653,45.71334,"Costco: Bozeman (Gas),","I-90 Exit 305; 2505 Catron St, Bozeman, MT, 59718, 406-585-0383,  #0096,"
-122.575767,45.42878,"Costco: Clackamas (Gas),","13130 SE 84th Avenue, Clackamas, OR, 97015, 503-794-5500,  #0097,"
-121.267616,44.057267,"Costco: Bend,","2500 Northeast Hwy-20, Bend, OR, 97701, 541-383-2299,  #0101,"
-123.913903,46.146914,"Costco: Warrenton (Gas),","1804 SE Ensign Lane, Warrenton, OR, 97146, 503-338-4101,  #0102,"
-117.043462,46.423513,"Costco: Clarkston (Gas),","301 Fifth Street, Clarkston, WA, 99403, 509-758-1800,  #0103,"
-123.125421,48.077069,"Costco: Sequim (Gas),","955 West Washington St, Sequim, WA, 98382, 360-406-2023,  #0104,"
-122.344862,47.775285,"Costco: Aurora Village (Gas),","1175 North 205th Street, Seattle, WA, 98133, 206-546-0480,  #0106,"
-134.482326,58.359471,"Costco: Juneau,","5225 Commercial Blvd, Juneau, AK, 99801, 907-780-6740,  #0107,"
-122.052198,47.550673,"Costco: Issaquah (Gas),","1801 10th Avenue NW, Issaquah, WA, 98027, 425-313-0965,  #0110,"
-122.758125,45.434842,"Costco: Tigard,","7850 SW Dartmouth Ave, Tigard, OR, 97223, 503-639-0811,  #0111,"
-120.280082,47.40158,"Costco: East Wenatchee (Gas),","375 Highline Dr S, East Wenatchee, WA, 98802, 509-886-0593,  #0112,"
-111.901243,40.73112,"Costco: Salt Lake City (Gas),","1818 South 300 West, Salt Lake City, UT, 84115, 801-485-9715,  #0113,"
-122.21017,47.903571,"Costco: Everett (Gas),","10200 19th Avenue SE, Everett, WA, 98208, 425-379-7451,  #0114,"
-122.309838,47.825866,"Business Center: Lynwood (Gas),","19105 Hwy-99, Lynnwood, WA, 98036, 425-640-7700,  #0115,"
-106.613754,35.13664,"Costco: Albuquerque (Gas),","1420 Renaissance Blvd NE, Albuquerque, NM, 87107, 505-342-7160,  #0116,"
-118.797122,34.152178,"Costco: Westlake Village,","Hwy 101 Exit 39; 5700 Lindero Canyon Rd, Westlake Village, CA, 91362, 818-597-3901,  #0117,"
-122.181804,37.720511,"Costco: San Leandro (Gas),","I-880 Exit 34; 1900 Davis St, San Leandro, CA, 94577, 510-562-6708,  #0118,"
-156.450774,20.887142,"Costco: Maui (Gas),","540 Haleakala Hwy, Kahului Maui, HI, 96732, 808-877-5248,  #0119,"
-157.709496,21.283655,"Costco: Hawaii Kai (Oahu),","333A Keahole St, Honolulu Oahu, HI, 96825, 808-396-5538,  #0120,"
-115.572955,32.812024,"Costco: El Centro (Gas),","2030 North Imperial Ave, El Centro, CA, 92243, 760-353-2380,  #0121,"
-117.796501,33.728469,"Costco: Tustin Ranch,","I-5 EXit 101; 2655 El Camino Real, Tustin, CA, 92782, 714-838-7895,  #0122,"
-117.276448,33.18833,"Costco: Vista (Gas),","Hwy 78 Exit 4; 1755 Hacienda Dr, Vista, CA, 92081, 760-631-7255,  #0124,"
-124.182942,40.792172,"Costco: Eureka (Gas),","1006 West Wabash Ave, Eureka, CA, 95501, 707-441-8750,  #0125,"
-117.940721,33.772405,"Costco: Garden Grove (Gas),","Hwy 22 Exit 11; 11000 Garden Grove Blvd, Garden Grove, CA, 92843, 714-638-6308,  #0126,"
-119.776409,39.116662,"Costco: Carson City (Gas),","700 Old Clear Creek Rd, Carson City, NV, 89705, 775-881-2503,  #0127,"
-118.796294,34.283786,"Costco: Simi Valley (Gas),","Hwy 118 Exit 22; 2660 Park Center Dr, Simi Valley, CA, 93065, 805-578-3301,  #0128,"
-121.938725,37.357265,"Costco: Santa Clara (Gas),","1601 Coleman Ave, Santa Clara, CA, 95050, 408-567-9000,  #0129,"
-118.263965,34.129009,"Costco: Los Feliz,","I-5 Exit 141; 2901 Los Feliz Blvd, Los Angeles, CA, 90039, 323-644-5201,  #0130,"
-121.845388,36.616958,"Costco: Sand City,","801 Tioga Ave, Sand City, CA, 93955, 831-899-1256,  #0131,"
-122.213426,38.133233,"Costco: Vallejo (Gas),","I-80 Exit 33; 198 Plaza Dr, Vallejo, CA, 94591, 707-553-6400,  #0132,"
-122.344951,40.586359,"Costco: Redding,","1300 Dana Drive, Redding, CA, 96003, 530-222-0199,  #0133,"
-119.715696,36.792945,"Costco: Clovis (Gas),","Hwy 168 Exit 3; 380 West Ashlan Ave, Clovis, CA, 93612, 559-291-3377,  #0135,"
-156.01647,19.685045,"Costco: Kona (Hawaii) (Gas),","73-5600 Maiau St, Kona Hawaii, HI, 96740, 808-331-4800,  #0140,"
-122.550638,38.087262,"Costco: Novato,","Hwy 101 Exit 460/462; 300 Vintage Way, Novato, CA, 94945, 415-899-1332,  #0141,"
-120.496987,37.303226,"Costco: Merced (Gas),","1445 R Street, Merced, CA, 95340, 209-725-5020,  #0142,"
-122.095432,37.420747,"Costco: Mountain View,","Hwy 101 Exit 400; 1000 North Rengstorff Ave, Mountain View, CA, 94043, 650-988-1841,  #0143,"
-122.410808,37.770712,"Costco: San Francisco,","450 10th Street, San Francisco, CA, 94103, 415-626-4388,  #0144,"
-114.463844,42.592958,"Costco: Twin Falls (Gas),","731 Pole Line Rd, Twin Falls, ID, 83301, 208-736-1550,  #0145,"
-121.812562,37.702888,"Costco: Livermore (Gas),","I-580 Exit 50; 2800 Independence Dr, Livermore, CA, 94550, 925-443-6306,  #0146,"
-122.27469,37.561758,"Costco: Foster City,","1001 Metro Center Blvd, Foster City, CA, 94404, 650-286-0739,  #0147,"
-121.851795,37.309751,"Costco: San Jose (Gas),","2201 Senter Rd, San Jose, CA, 95112, 408-275-0199,  #0148,"
-122.034014,36.984381,"Costco: Santa Cruz (Gas),","220 Sylvania Ave, Santa Cruz, CA, 95060, 831-469-0961,  #0149,"
-79.35454,43.84586,"Costco: Markham,","#1 YorkTech Drive, Markham, ON, L6G 1A6, 905-477-5773,  #0151,"
-106.674891,52.19415,"Costco: Saskatoon (Gas),","115 Marquis Drive, Saskatoon, SK, S7R 1C7, 306-933-4262,  #0152,"
-97.052697,49.896763,"Costco: Winnipeg East (Gas),","1499 Regent Avenue, Winnipeg, MB, R2C 4M4, 204-989-9997,  #0153,"
-113.57876,53.57903,"Costco: Edmonton North (Gas),","12450 149th St NW, Edmonton, AB, T5V 1G9, 780-455-7575,  #0154,"
-124.045,49.236774,"Costco: Nanaimo,","6700 Island Highway N., Nanaimo, BC, V9V 1K8, 250-390-3231,  #0155,"
-113.41394,53.59538,"Costco: Edmonton NorthEast (Gas),","13650 50th Street, Edmonton, AB, T5A 4Y3, 780-478-0066,  #0156,"
-122.771487,53.883146,"Costco: Prince George (Gas),","2555 Range Road, Prince George, BC, V2N 4GB, 250-561-1784,  #0158,"
-79.019814,43.864416,"Costco: Ajax  (Gas),","150 Kingston Road East, Ajax, ON, L1Z 1E5, 905-619-6677,  #0159,"
-120.388151,50.654991,"Costco: Kamloops, (Gas),","1675 Versatile Drive, Kamloops, BC, V1S 1W7, 250-374-4209,  #0161,"
-79.71337,43.68106,"Costco: Brampton,","100 Biscayne Crescent, Brampton, ON, L6W 4S1, 905-450-9300,  #0162,"
-122.266127,49.022821,"Costco: Abbotsford (Gas),","Hwy 1 Exit 92; 1127 Sumas Way, Abbotsford, BC, V2S 8H2, 604-850-3458,  #0163,"
-113.802295,52.266741,"Costco: Red Deer (Gas),","Hwy 2 Exit 391; 162 Leva Ave, Red Deer, AB, T4E 1B9, 403-340-1924,  #0164,"
-80.071094,26.588488,"Costco: Lantana (Gas),","I-95 Exit 61; 1873 West Lantana Rd, Lantana, FL, 33462, 561-533-0958,  #0180,"
-80.29903,25.923078,"Costco: Miami Lakes (Gas),","16580 NW 59th Ave, Miami Lakes, FL, 33014, 305-825-9818,  #0181,"
-80.156203,25.909564,"Costco: North Miami Beach(Gas),","14585 Biscayne Blvd, North Miami Beach, FL, 33181, 305-944-8711,  #0182,"
-81.417349,28.660994,"Costco: Altamonte Springs (Gas),","I-4 Exit 92; 741 Orange Ave, Altamonte Springs, FL, 32714, 407-786-7802,  #0183,"
-81.406638,28.404575,"Costco: Orlando S (Gas),","2101 Water Bridge Blvd, Orlando, FL, 32837, 407-393-1003,  #0184,"
-81.300069,28.599536,"Costco: Orlando E (Gas),","3333 University Blvd, Winter Park, FL, 32792, 407-681-2119,  #0185,"
-84.333622,33.571916,"Business Center: Morrow (Gas),","I-75 Exit 233; 1700 Mount Zion Rd, Morrow, GA, 30260, 678-201-0003,  #0186,"
-84.143039,33.947764,"Costco: Gwinnett (Gas),","3980 Venture Dr, Duluth, GA, 30096, 770-622-1330,  #0187,"
-84.353593,33.928307,"Costco: Perimeter (Gas),","Hwy 19 Exit 5; 6350 Peachtree Dunwoody Rd NE, Atlanta, GA, 30328, 770-352-8660,  #0188,"
-84.569719,34.004777,"Costco: Town Center (Gas),","I-75 Exit 269; 645 Barrett Pkwy, Kennesaw, GA, 30144, 770-794-1767,  #0189,"
-76.199804,36.851921,"Costco: Norfolk (Gas),","850 Glenrock Rd, Norfolk, VA, 23502, 757-459-4471,  #0202,"
-76.60042,39.196361,"Costco: Glen Burnie (Gas),","575 East Ordnance Rd, Glen Burnie, MD, 21060, 410-590-8603,  #0203,"
-77.371634,38.849499,"Costco: Fairfax (Gas),","4725 West Ox Rd, Fairfax, VA, 22030, 703-332-3200,  #0204,"
-77.561451,37.642388,"Costco: West Henrico (Gas),","9650 West Broad St, Glen Allen, VA, 23060, 804-727-3050,  #0205,"
-73.130006,40.859348,"Costco: Nesconset,","3000 Middle Country Rd, Nesconset, NY, 11767, 631-366-1504,  #0206,"
-76.444935,39.357858,"Costco: White Marsh  (Gas),","9919 Pulaski Hwy, Baltimore, MD, 21220, 410-574-7563,  #0208,"
-77.214491,39.155967,"Costco: Gaithersburg,","880 Russell Ave, Gaithersburg, MD, 20879, 301-417-1503,  #0213,"
-76.908267,39.032484,"Costco: Beltsville (Gas),","10925 Baltimore Ave, Beltsville, MD, 20705, 301-902-2643,  #0214,"
-77.401668,39.023685,"Costco: Sterling (Gas),","21398 Price, Sterling, VA, 20164, 703-406-6500,  #0218,"
-74.170514,40.41941,"Costco: Hazlet,","2835 Rte 35 South, Hazlet, NJ, 07730, 732-335-3800,  #0222,"
-77.516427,38.783925,"Costco: Manassas (Gas),","10701 Sudley Manor Dr, Manassas, VA, 20109, 703-368-7579,  #0225,"
-73.598376,40.744072,"Costco: Westbury,","1250 Old Country Rd, Westbury, NY, 11590, 516-683-8300,  #0226,"
-77.197242,38.739419,"Costco: Newington-Springfield,","7373 Boston Blvd, Springfield, VA, 22153, 703-912-1203,  #0227,"
-73.050837,40.773087,"Costco: Holbrook,","125 Beacon Dr, Holbrook, NY, 11741, 631-244-0292,  #0230,"
-74.037842,40.876223,"Costco: Hackensack,","80 South River St, Hackensack, NJ, 07601, 201-487-5471,  #0231,"
-77.057125,38.860961,"Costco: Pentagon City,","1200 South Fern St, Arlington, VA, 22202, 703-413-2324,  #0233,"
-73.420451,40.757585,"Costco: Melville,","625 Broadhollow Rd, Melville, NY, 11747, 631-293-8707,  #0237,"
-78.857356,38.427387,"Costco: Harrisonburg  (Gas),","1830 Reservoir St, Harrisonburg, VA, 22801, 540-432-8989,  #0238,"
-78.155544,39.157633,"Costco: Winchester (Gas),","251 Front Royal Pike, Winchester, VA, 22602, 540-722-7420,  #0239,"
-73.285819,40.807046,"Costco: Commack,","10 Garret Pl, Commack, NY, 11725, 631-462-3900,  #0240,"
-73.794504,40.896147,"Costco: New Rochelle (Gas),","1 Industrial Ln, New Rochelle, NY, 10805, 914-235-2233,  #0241,"
-73.937681,40.767463,"Costco: Queens,","3250 Vernon Blvd, Long Island City, NY, 11106, 718-267-3680,  #0243,"
-74.379378,40.812408,"Costco: East Hanover,","156 SR-10 West, East Hanover, NJ, 07936, 973-602-2000,  #0244,"
-75.386453,40.091197,"Costco: King of Prussia,","201 Allendale Rd, King of Prussia, PA, 19406, 610-337-6601,  #0245,"
-75.647557,39.677752,"Costco: Christiana,","900 Center Blvd, Newark, DE, 19702, 302-894-0511,  #0246,"
-76.496687,37.106265,"Costco: Newport News,","12121 Jefferson Ave, Newport News, VA, 23602, 757-746-2003,  #0247,"
-75.23421,40.237198,"Costco: Montgomeryville,","740 Upper State Rd, North Wales, PA, 19454, 215-353-4153,  #0248,"
-78.913853,36.029147,"Costco: Durham (Gas),","1510 North Pointe Dr, Durham, NC, 27705, 919-220-2740,  #0249,"
-114.044867,50.98953,"Costco: Calgary South (Gas),","99 Heritage Gate SE, Calgary, AB, T2H 3A7, 403-313-7650,  #0251,"
-79.681349,44.334669,"Costco: Barrie (Gas),","41 MapleView Drive East, Barrie, ON, L4N 9A9, 905-780-2100,  #0252,"
-79.822385,43.343751,"Costco: Burlington,","1225 Brant St, Burlington, ON, L7P 1X7, 905-336-9121,  #0253,"
-118.845291,55.169518,"Costco: Grande Prairie (Gas),","9901 116th St, Grand Prairie, AB, T8V 6H6, 780-539-9373,  #0254,"
-122.74518,49.256434,"Costco: Port Coquitlam (Gas),","2370 Ottawa St, Port Coquitlam, BC, V3B 7Z1, 604-552-1158,  #0255,"
-123.501499,48.458039,"Costco: Langford (Gas),","799 McCallum Road, Victoria, BC, V9B 6A2, 250-391-0972,  #0256,"
-80.945672,46.504101,"Costco: Sudbury,","1465 Kingsway, Sudbury, ON, P3A 6B3, 705-524-8255,  #0257,"
-113.468621,53.455234,"Costco: Edmonton South (Gas),","2616 91st Street NW, Edmonton, AB, T6N 1N2, 780-577-1200,  #0258,"
-122.654811,49.119599,"Costco: Langley (Gas),","20499 64th Ave, Langley, BC, V2Y 1N5, 604-539-8902,  #0259,"
-70.977402,42.556955,"Costco: Danvers (Gas),","I-95 Exit 47; 11 Newbury St, Danvers, MA, 01923, 978-750-1000,  #0301,"
-72.620777,42.1317,"Costco: West Springfield,","I-91 Exit 13; 119 Daggett Dr, West Springfield, MA, 01089, 413-747-5518,  #0302,"
-71.066117,42.137382,"Costco: Avon,","Hwy 24 Exit 19; 120 Stockwell Dr, Avon, MA, 02322, 508-232-4000,  #0303,"
-73.406385,41.441957,"Costco: Brookfield (Gas),","200 Federal Rd, Brookfield, CT, 06804, 203-740-7623,  #0304,"
-74.025274,41.107253,"Costco: Nanuet (Gas),","50 Overlook Blvd, Nanuet, NY, 10954, 845-425-1469,  #0305,"
-74.136482,40.831654,"Costco: Clifton (Gas),","20 Bridewell Pl, Clifton, NJ, 07014, 973-779-8715,  #0306,"
-71.442905,42.702372,"Costco: Nashua,","311 Daniel Webster Hwy, Nashua, NH, 03060, 603-888-3640,  #0307,"
-71.265283,42.394577,"Costco: Waltham,","I-95 Exit 27; 71 Second Ave, Waltham, MA, 02451, 781-622-3883,  #0308,"
-73.740239,40.63037,"Costco: Lawrence,","605 Rockaway Turnpike, Lawrence, NY, 11559, 516-371-2017,  #0310,"
-73.024667,41.250934,"Costco: Milford (Gas),","1718 Boston Post Rd, Milford, CT, 06460, 203-882-8881,  #0312,"
-72.967736,41.539385,"Costco: Waterbury (Gas),","I-84 Exit 25 or 26; 3600 East Main St, Waterbury, CT, 06705, 203-596-9967,  #0313,"
-73.174257,44.503958,"Costco: Colchester,","I-89 Exit 16; 218 Lower Mountain View Dr, Colchester, VT, 05446, 802-655-4356,  #0314,"
-74.568627,40.906921,"Costco: Wharton (Gas),","I-80 Exit 34, 315 Rte-15, Wharton, NJ, 07885, 973-659-2000,  #0315,"
-74.168663,40.57268,"Costco: Staten Island (Gas),","2975 Richmond Ave, Staten Island, NY, 10314, 718-982-9525,  #0316,"
-76.256277,40.05324,"Costco: Lancaster (Gas),","1875 Hempstead Rd, Lancaster, PA, 17601, 717-396-8460,  #0317,"
-74.009074,40.655481,"Costco: Brooklyn,","976 3rd Ave, Brooklyn, NY, 11232, 718-965-7603,  #0318,"
-71.173641,42.231906,"Costco: Dedham (Gas),","200 Legacy Blvd, Dedham, MA, 02026, 781-251-9975,  #0319,"
-74.287644,40.694159,"Costco: Union,","1055 Hudson St, Union, NJ, 07083, 908-810-1458,  #0320,"
-73.86129,40.974962,"Costco: Yonkers,","20 Stew Leonard Dr, Yonkers, NY, 10710, 914-595-1003,  #0321,"
-74.558367,40.563248,"Costco: Bridgewater,","325 Promenade Blvd, Bridgewater, NJ, 08807, 732-584-1003,  #0322,"
-74.375611,40.530416,"Costco: Edison (Gas),","I-287 Exit 2; 205 Vineyard Rd, Edison, NJ, 08817, 732-491-2023,  #0323,"
-73.451455,41.092017,"Costco: Norwalk,","779 Connecticut Ave, Norwalk, CT, 06854, 203-822-2000,  #0324,"
-76.730744,39.15582,"Costco: Arundel Mills (Gas),","7077 Arundel Mills Cir, Hanover, MD, 21076, 410-379-3103,  #0325,"
-73.661786,40.999368,"Costco: Port Chester,","1 Westchester Ave, Port Chester, NY, 10573, 914-935-3103,  #0326,"
-76.79958,40.30982,"Costco: Harrisburg (Gas),","5125 Jonestown Rd, Harrisburg, PA, 17112, 717-412-2053,  #0327,"
-80.107728,40.690676,"Costco: Cranberry Township (Gas),","1050 Cranberry Square Dr, Cranberry Township, PA, 16066, 724-778-6303,  #0328,"
-74.045395,40.233946,"Costco: Ocean Township (Gas),","2361 Rte-66, Ocean, NJ, 07712, 732-481-0023,  #0329,"
-77.407533,39.401683,"Costco: Frederick (Gas),","10 Monocacy Blvd, Frederick, MD, 21701, 301-644-1483,  #0330,"
-80.165628,40.459596,"Costco: Robinson (Gas),","202 Costco Dr, Pittsburgh, PA, 15205, 412-490-2204,  #0332,"
-71.071382,42.396798,"Costco: Everett,","2 Mystic View Rd, Everett, MA, 02149, 617-544-4806,  #0333,"
-77.442867,38.894997,"Costco: Chantilly,","14390 Chantilly Crossing Ln, Chantilly, VA, 20151, 703-885-5544,  #0334,"
-82.728772,27.956167,"Costco: Clearwater (Gas),","2655 Gulf to Bay Blvd, Clearwater, FL, 33759, 727-373-1951,  #0336,"
-77.533198,39.115223,"Costco: Leesburg (Gas),","1300 Edwards Ferry Rd, Leesburg, VA, 20176, 703-669-5060,  #0337,"
-78.915906,33.705698,"Costco: Myrtle Beach (Gas),","1021 Oak Forest Ln, Myrtle Beach, SC, 29577, 843-839-6604,  #0338,"
-79.883605,36.057402,"Costco: Greensboro (Gas),","4201 West Wendover Ave, Greensboro, NC, 27407, 336-291-4013,  #0339,"
-77.515922,38.294539,"Costco: Fredericksburg (Gas),","3102 Plank Rd, Fredericksburg, VA, 22407, 540-785-1163,  #0340,"
-83.502956,42.598149,"Costco: Commerce Township (Gas),","3000 Commerce Crossing, Commerce Township, MI, 48382, 248-529-2300,  #0341,"
-88.203357,41.745328,"Costco: Naperville (Gas),","1320 South Rte-59, Naperville, IL, 60564, 630-328-2900,  #0342,"
-82.011715,41.459832,"Costco: Avon (Gas),","35804 Detroit Rd, Avon, OH, 44011, 440-930-0103,  #0343,"
-81.446493,41.524267,"Costco: Mayfield Heights (Gas),","I-271 Exit 34; 1409 Golden Gate Blvd, Cleveland, OH, 44124, 440-544-1350,  #0344,"
-80.100373,26.412806,"Costco: Boca Raton (Gas),","17800 Congress Ave, Boca Raton, FL, 33487, 561-981-5004,  #0345,"
-86.061667,39.913664,"Costco: Castleton (Gas),","I-405 Exit 35; 6110 East 86th, Castleton, IN, 46250, 317-558-1453,  #0346,"
-86.226581,39.91752,"Costco: Fortune Park (Gas),","I-465 Exit 27; 9010 Michigan Rd, Indianapolis, IN, 46268, 317-532-1608,  #0347,"
-87.821582,42.109363,"Costco: Glenview (Gas),","2900 Patriot Blvd, Glenview, IL, 60026, 847-730-1003,  #0348,"
-94.733509,38.958856,"Costco: Lenexa (Gas),","I-35 Exit 224; 9350 Marshall Dr, Lenexa, KS, 66215, 913-227-3703,  #0349,"
-81.874196,26.544566,"Costco: Fort Myers (Gas),","7171 Cypress Lake Dr, Fort Myers, FL, 33907, 239-415-3806,  #0351,"
-89.795532,35.192031,"Costco: Memphis NE (Gas),","I-40 Exit 16; 2431 North Germantown Pkwy, Cordova, TN, 38018, 901-214-0003,  #0352,"
-89.797364,35.046016,"Costco: Memphis SE (Gas),","3775 Hacks Cross Rd, Memphis, TN, 38125, 901-214-0054,  #0353,"
-81.775331,26.220651,"Costco: Naples (Gas),","6275 Naples Blvd, Naples, FL, 34109, 239-596-6404,  #0354,"
-86.602743,34.743447,"Costco: Huntsville (Gas),","I-565 Exit 19; 1205 N Memorial Pkwy, Huntsville, AL, 35801, 256-519-2223,  #0356,"
-81.533481,30.251894,"Costco: Jacksonville,","4901 Gate Pkwy, Jacksonville, FL, 32246, 904-997-7003,  #0357,"
-82.33135,27.921299,"Costco: Brandon (Gas),","10921 Causeway Blvd, Brandon, FL, 33511, 813-952-0103,  #0358,"
-80.88466,35.161372,"Costco: Charlotte (Gas),","I-77 Exit 5; 500 Tyvola Rd, Charlotte, NC, 28217, 704-501-2403,  #0359,"
-80.035888,32.795575,"Costco: Charleston (Gas),","3050 Ashley Town Center, Charleston, SC, 29414, 843-460-2000,  #0360,"
-80.317767,36.064301,"Costco: Winston Salem (Gas),","1085 Hanes Mall Blvd, Winston Salem, NC, 27103, 336-970-2303,  #0361,"
-86.812736,33.379407,"Costco: Hoover (Gas),","I-459 Exit 13; 3650 Galleria CR, Hoover, AL, 35244, 205-909-1039,  #0362,"
-83.996563,34.062092,"Costco: Mall of Georgia (Gas),","I-85 Exit 115; 1550 Mall of Georgia Blvd, Buford, GA, 30519, 678-288-3009,  #0366,"
-80.704646,35.129532,"Costco: Matthews (Gas),","2125 Matthews Township Pkwy, Matthews, NC, 28105, 704-321-7443,  #0367,"
-90.338503,38.508146,"Costco: St. Louis (Gas),","4200 Rusty Rd, St Louis, MO, 63128, 314-894-7953,  #0368,"
-94.670834,38.907288,"Costco: Overland Park (Gas),","12221 Blue Valley Pkwy, Overland Park, KS, 66213, 913-217-2053,  #0369,"
-87.321868,41.473844,"Costco: Merrillville (Gas),","I-65 Exit 263; 1310 E 79th Ave, Merrillville, IN, 46410, 219-641-6403,  #0370,"
-88.133133,41.941111,"Costco: Bloomingdale (Gas),","505 W. Army Trail Rd, Bloomingdale, IL, 60108, 630-351-3010,  #0371,"
-93.347894,45.198777,"Costco: Coon Rapids (Gas),","12547 Riverdale Blvd, Minneapolis, MN, 55448, 763-712-7763,  #0372,"
-94.357184,39.036357,"Costco: Independence (Gas),","19040 E Valley View Pkwy, Independence, MO, 64055, 816-200-2003,  #0373,"
-82.979754,42.630157,"Costco: Shelby Township (Gas),","45460 Market Street, Shelby Township, MI, 48315, 586-580-2003,  #0374,"
-94.580518,39.067666,"Costco: Kansas City (Gas),","241 East Linwood Blvd, Kansas City, MO, 64111, 816-216-0003,  #0375,"
-83.295923,42.70663,"Costco: Auburn Hills (Gas),","I-75 Exit 84; 400 Brown Rd, Auburn Hills, MI, 48326, 248-648-0003,  #0376,"
-93.354053,44.966922,"Costco: St. Louis Park (Gas),","5801 16th Street West, St Louis Park, MN, 55416, 763-582-9603,  #0377,"
-88.093412,42.187135,"Costco: Lake Zurich (Gas),","680 S. Rand Rd 680, Lake Zurich, IL, 60047, 847-540-3053,  #0378,"
-84.451021,39.288172,"Costco: Springdale (Gas),","1100 East Kemper Rd, Springdale, OH, 45246, 513-346-7943,  #0379,"
-87.676904,41.929504,"Costco: Lincoln Park (Gas),","2746 N Clybourn Ave, Chicago, IL, 60614, 773-360-2053,  #0380,"
-87.744844,41.759023,"Costco: Bedford Park (Gas),","7300 S Cicero Ave, Bedford Park, IL, 60629, 708-552-9010,  #0381,"
-90.606963,38.796124,"Costco: St. Peters (Gas),","200 Costco Way, Saint Peters, MO, 63376, 636-970-4004,  #0382,"
-87.780429,42.014815,"Costco: Niles (Gas),","I-94 Exit 39; 7311 Melvina Ave, Niles, IL, 60714, 847-972-3003,  #0383,"
-84.302928,39.295921,"Costco: Deerfield Township (Gas),","9691 Waterstone Blvd, Cincinnati, OH, 45249, 513-774-0024,  #0384,"
-86.817406,35.963432,"Costco: Brentwood (Gas),","98 Seaboard Ln, Brentwood, TN, 37027, 615-493-1003,  #0386,"
-88.042213,42.055271,"Costco: Schaumburg (Gas),","1375 North Meacham Rd, Schaumburg, IL, 60193, 847-969-0790,  #0387,"
-87.965854,41.845484,"Costco: Oak Brook (Gas),","1901 West 22nd Street, Oak Brook, IL, 60523, 630-928-0235,  #0388,"
-83.331396,42.381533,"Costco: Middlebelt (Gas),","I-96 Exit 176; 13700 Middlebelt Rd, Livonia, MI, 48150, 734-427-0563,  #0390,"
-83.429629,42.432843,"Costco: Haggerty (Gas),","20000 Haggerty Rd, Livonia, MI, 48152, 734-464-6399,  #0391,"
-83.29271,42.607025,"Costco: Bloomfield (Gas),","2343 South Telegraph Rd, Bloomfield, MI, 48302, 248-836-1601,  #0392,"
-83.11766,42.515578,"Costco: Madison Heights (Gas),","30550 Stephenson Hwy, Madison Heights, MI, 48071, 248-616-0048,  #0393,"
-82.934858,42.49594,"Costco: Roseville (Gas),","27118 Gratiot Ave 27118 Gratiot Ave, Roseville, MI, 48066, 586-447-0191,  #0394,"
-117.225899,32.823589,"Costco: San Diego (Gas),","I-5 Exit 23; 4605 Morena Blvd, San Diego, CA, 92117, 858-270-6920,  #0401,"
-116.987309,32.841297,"Costco: Santee (Gas),","101 Town Center Pkwy, Santee, CA, 92071, 619-562-3227,  #0403,"
-117.083846,32.608833,"Costco: Chula Vista (Gas),","I-5 Exit 6; 1130 Broadway, Chula Vista, CA, 91911, 619-205-1501,  #0405,"
-110.859813,32.251294,"Costco: Tucson (Gas),","6255 East Grant Rd, Tucson, AZ, 85712, 520-886-6376,  #0407,"
-118.102311,33.919881,"Costco: Norwalk CA,","I-605 Exit 9 or 10; 12324 Hoxie Ave, Norwalk, CA, 90650, 562-929-0826,  #0410,"
-117.931733,33.703448,"Costco: Fountain Valley (Gas),","I-405 Exit 12; 17900 Newhope, Fountain Valley, CA, 92708, 714-338-2183,  #0411,"
-117.925681,34.131982,"Costco: Azusa (Gas),","I-210 Exit 38; 1220 West Foothill Blvd, Azusa, CA, 91702, 626-812-7911,  #0412,"
-117.124706,33.136465,"Costco: San Marcos (Gas),","Hwy 78 Exit 16; 725 Center Dr, San Marcos, CA, 92069, 760-480-6615,  #0416,"
-117.922128,33.862454,"Costco: Fullerton (Gas),","Hwy 91 Exit 28; 900 South Harbor Blvd, Fullerton, CA, 92832, 714-738-7521,  #0418,"
-119.147739,34.225207,"Costco: Oxnard (Gas),","Hwy 101 Exit 60/61; 2001 East Ventura Blvd, Oxnard, CA, 93036, 805-983-4200, Car Wash, #0420,"
-122.400632,37.642356,"Costco: South San Francisco (Gas),","451 South Airport Blvd, South San Francisco, CA, 94080, 650-872-2021,  #0422,"
-121.994668,37.372026,"Costco: Sunnyvale (Gas),","Hwy 101 Exit 394; 150 Lawrence Station Rd, Sunnyvale, CA, 94086, 408-470-8000,  #0423,"
-118.16474,33.803265,"Costco: Signal Hill,","I-405 Exit 29; 2200 East Willow St, Signal Hill, CA, 90755, 562-427-2537,  #0424,"
-111.900647,33.62407,"Costco: Scottsdale (Gas),","Hwy 101 Exit 38/39; 15255 North Hayden Rd, Scottsdale, AZ, 85260, 480-948-5040, Car Wash, #0427,"
-118.148531,34.089515,"Costco: Alhambra (Gas),","2207 West Commonwealth Ave, Alhambra, CA, 91803, 626-289-7164,  #0428,"
-117.678038,33.46957,"Costco: San Juan Capistrano (Gas),","33961 Doheny Park Rd, San Juan Capistrano, CA, 92675, 949-240-3558, Car Wash, #0429,"
-111.04966,32.326112,"Costco: Tucson NW (Gas),","I-10 Exit 250; 3901 W Costco Dr, Tucson, AZ, 85741, 520-797-1980,  #0431,"
-117.522629,33.88612,"Costco: Corona (Gas),","Hwy 91 Exit 53; 480 McKinley St, Corona, CA, 92879, 951-279-1190,  #0432,"
-111.96185,33.34713,"Costco: Tempe (Gas),","I-10 Exit 157; 1445 W Elliot Rd, Tempe, AZ, 85284, 480-496-6651,  #0436,"
-118.550325,34.230673,"Costco: Northridge (Gas),","8810 North Tampa Ave, Northridge, CA, 91324, 818-775-1860,  #0437,"
-121.263848,38.588193,"Costco: Rancho Cordova (Gas),","11260 White Rock Rd, Rancho Cordova, CA, 95742, 916-724-2240,  #0438,"
-104.868706,39.690654,"Costco: Aurora (Gas),","1471 South Havana, Aurora, CO, 80012, 303-750-2116,  #0439,"
-105.066639,39.862391,"Costco: Westminster (Gas),","6400 West 92nd Avenue, Westminster, CO, 80030, 303-650-1476,  #0440,"
-116.389363,33.803945,"Costco: Coachella Valley (Gas),","I-10 Exit 131; 72-800 Dinah Shore Dr, Palm Desert, CA, 92211, 760-770-2810,  #0441,"
-105.086534,39.636904,"Costco: Southwest Denver (Gas),","7900 West Quincy Ave, Littleton, CO, 80123, 303-933-4931,  #0443,"
-117.743992,33.875818,"Costco: Yorba Linda,","Hwy 91 Exit 39; 22633 Savi Ranch Pkwy, Yorba Linda, CA, 92886, 714-282-6650,  #0445,"
-117.077666,32.987241,"Costco: San Diego (Gas),","12350 Carmel Mountain Rd, San Diego, CA, 92128, 858-675-0248,  #0452,"
-122.144911,38.215406,"Costco: Fairfield (Gas),","I-80 Exit 40; 5101 Business Center Dr, Fairfield, CA, 94534, 707-864-3816,  #0453,"
-117.745618,33.660192,"Costco: Irvine (Gas),","I-5 Exit 94; 115 Technology West Dr, Irvine, CA, 92618, 949-453-0435,  #0454,"
-117.277018,33.935476,"Costco: Moreno Valley (Gas),","Hwy 60 Exit 59; 12700 Day St, Moreno Valley, CA, 92553, 951-697-8900,  #0455,"
-118.09714,34.034218,"Costco: Montebello,","Hwy 60 Exit 8; 1345 North Montebello Blvd, Montebello, CA, 90640, 323-890-1904,  #0459,"
-117.022265,32.637558,"Costco: Rancho Del Rey (Gas/Diesel),","I-805 Exit 7; 895 East H St, Chula Vista, CA, 91910, 619-656-0826,  #0460,"
-117.31655,33.120138,"Costco: Carlsbad (Gas),","I-5 Exit 47; 951 Palomar Airport Rd, Carlsbad, CA, 92011, 760-929-0963,  #0462,"
-121.414341,38.468475,"Costco: South Sacramento (Gas),","7981 East Stockton Blvd, Sacramento, CA, 95823, 916-682-3569,  #0464,"
-111.984952,33.604639,"Costco: Phoenix (Thomas Rd)  (Gas),","4502 East Oak St, Phoenix, AZ, 85008, 602-808-0101,  #0465,"
-112.396843,34.547881,"Costco: Prescott (Gas/Diesel),","3911 Hwy-69, Prescott, AZ, 86301, 928-541-2203,  #0466,"
-104.877403,39.557748,"Costco: Douglas County (Gas),","8686 Park Meadows Center Dr, Littleton, CO, 80124, 303-708-0012,  #0468,"
-117.024581,32.773775,"Costco: La Mesa,","I-8 Exit 13; 8125 Fletcher Pkwy, La Mesa, CA, 91941, 619-667-8504,  #0469,"
-121.879999,37.253214,"Costco: San Jose (Almaden),","Hwy 85 Exit 5; 5301 Almaden Expressway, San Jose, CA, 95118, 408-723-0964,  #0470,"
-121.452667,38.597106,"Costco: Sacramento (Cal Expo) (Gas),","1600 Expo Pkwy, Sacramento, CA, 95815, 916-563-7002,  #0471,"
-121.668553,36.703852,"Costco: Salinas,","Hwy 101 Exit 330; 1339 North Davis Rd, Salinas, CA, 93907, 831-424-4242,  #0472,"
-117.742454,34.014146,"Costco: Chino Hills (Gas),","13111 Peyton Dr, Chino Hills, CA, 91709, 909-464-2900,  #0473,"
-119.874786,34.427788,"Costco: Goleta,","Hwy 101 Exit 108; 7095 Market Place Dr, Goleta, CA, 93117, 805-685-3199,  #0474,"
-122.448871,37.665603,"Costco: El Camino (Gas),","1600 El Camino Real, South San Francisco, CA, 94080, 650-757-3003,  #0475,"
-118.334384,33.805145,"Costco: Torrance (Gas),","2751 Sky Park Dr, Torrance, CA, 90505, 310-891-1020,  #0476,"
-118.461634,34.404672,"Costco: Santa Clarita (Gas),","Hwy 14 Exit 6; 18649 Via Princessa, Santa Clarita, CA, 91387, 661-250-2818,  #0477,"
-117.263077,34.068044,"Costco: San Bernardino (Gas),","I-10 Exit 74; 1099 East Hospitality Ln, San Bernardino, CA, 92408, 909-478-3445,  #0478,"
-118.447453,33.993031,"Costco: Culver City (Gas),","13463 Washington Blvd, Marina del Rey, CA, 90292, 310-754-2003,  #0479,"
-105.174286,39.959535,"Costco: Superior (Gas),","600 Marshall Rd, Superior, CO, 80027, 720-587-1000,  #0480,"
-111.840433,33.376299,"Costco: Gilbert  (Gas),","Hwy 60 Exit 179; 1415 N Arizona Ave, Gilbert, AZ, 85233, 480-293-0053,  #0481,"
-122.322617,37.898005,"Costco: Richmond (Gas),","I-580 Exit 14; 4801 Central Ave;, Richmond, CA, 94804, 510-898-2003,  #0482,"
-117.116054,32.712802,"Costco: San Diego SE (Gas),","Hwy 94 Exit 2; 650 Gateway Center Dr, San Diego, CA, 92102, 619-358-2303,  #0483,"
-111.680239,40.279923,"Costco: Orem (Gas),","648 East 800 South, Orem, UT, 84097, 801-851-5003,  #0484,"
-158.000376,21.42656,"Costco: Waipahu (Oahu) (Gas),","94-1231 Ka Uka Blvd, Waipahu Oahu, HI, 96797, 808-678-6103,  #0485,"
-119.23485,46.225851,"Costco: Kennewick (Gas),","8505A W Gage Blvd, Kennewick, WA, 99336, 509-737-8861,  #0486,"
-111.894772,40.549778,"Costco: Sandy (Gas),","11100 S Auto Mall Dr, Sandy, UT, 84070, 801-790-0003,  #0487,"
-117.128624,32.782487,"Costco: Mission Valley (Gas),","2345 Fenton Pkwy, San Diego, CA, 92108, 619-358-4003,  #0488,"
-97.408432,32.677915,"Costco: Fort Worth (Gas),","5300 Overton Ridge Blvd, Fort Worth, TX, 76132, 817-210-0003,  #0489,"
-112.115858,33.659513,"Costco: Phoenix N (Gas),","I-17 Exit 214; 19001 N 27th Ave, Phoenix, AZ, 85027, 623-293-4403,  #0490,"
-117.154362,33.521227,"Costco: Temecula (Gas/Diesel),","I-15 Exit 61; 26610 Ynez Rd, Temecula, CA, 92591, 951-719-2000,  #0491,"
-73.431104,45.505354,"Costco: Saint-Hubert,","5025 boul Cousineau, Saint-Hubert, QC, J3Y 3K7, 450-443-3618,  #0502,"
-71.268514,46.839492,"Costco: Quebec,","440 rue Bouvier, Quebec, QC, G2J 1E3, 418-627-5100,  #0503,"
-73.757164,45.573302,"Costco: Laval,","2999 autoroute Laval (440 Ouest), Laval, QC, H7P 5P4, 450-686-7420,  #0505,"
-73.584967,45.609253,"Costco: Anjou, (Gas),","7373 rue Bombardier, Anjou, QC, H1J 2V2, 514-493-4814,  #0506,"
-81.21089,42.91875,"Costco: Westminster,","4313 Wellington Road South, London, ON, N6E 2Z8, 519-680-0940,  #0508,"
-79.48406,44.06988,"Costco: Newmarket (Gas),","18182 Yonge St, East Gwillimbury, ON, L9N 0J3, 905-954-4733,  #0510,"
-75.60237,45.41498,"Costco: Gloucester,","1900 Cyrville Road, Gloucester, ON, K1B 1A5, 613-748-9966,  #0511,"
-80.39276,43.40661,"Costco: Kitchener,","4438 King Street East, Kitchener, ON, N2G 3W6, 519-650-2252,  #0512,"
-71.95171,45.39388,"Costco: Sherbrooke,","3400 rue King Ouest, Sherbrooke, QC, J1L 1C9, 819-822-0681,  #0514,"
-73.552587,45.486109,"Costco: Montréal (Gas),","300 rue Bridge, Montreal, QC, H3K 2C3, 514-938-5170,  #0515,"
-71.328167,46.780983,"Costco: Sainte-Foy (Gas),","3233 rue Watt, Sainte-Foy, QC, G1X 4W2, 418-656-0666,  #0516,"
-79.94806,43.22876,"Costco: Ancaster (Gas),","100 Legend Court, Ancaster, ON, L9K 1J3, 905-304-0355,  #0517,"
-72.57094,46.33083,"Costco: Trois-Rivières-Ouest (Gas),","3000 boul des Récollets, Trois-Rivieres-Quest, QC, G9A 6J2, 819-693-5758,  #0518,"
-63.676136,44.656146,"Costco: Halifax,","230 Chain Lake Dr, Halifax, NS, B3S 1C5, 902-876-7788,  #0519,"
-104.54947,50.43968,"Costco: Regina (Gas),","665 University Park Drive, Regina, SK, S4V 2V8, 306-789-8838,  #0520,"
-73.850055,45.631536,"Costco: Boisbriand,","3600 Ave Des Grandes Tourelles, Boisbriand, QC, J7H 0A1, 450-420-4500,  #0521,"
-73.479073,45.434095,"Costco: Brossard (Gas),","9430 boul Taschereau, Brossard, QC, J4X 2W2, 450-444-4466,  #0521,"
-79.25089,43.179063,"Costco: St. Catharines,","3 North Service Road, St Catharines, ON, L2N 7R1, 905-646-2008,  #0523,"
-79.507102,43.623238,"Costco: Etobicoke (Gas),","50 Queen Elizabeth Blvd, Etobicoke, ON, M8Z 1M1, 416-251-2832,  #0524,"
-73.506432,45.721102,"Costco: Terrebonne (Gas),","870 montée des Pionniers, Terrebonne, QC, J6V 1N9, 450-657-4353,  #0525,"
-79.68947,43.6115,"Costco: Mississauga N,","5900 Rodeo Dr, Mississauga, ON, L5R 3S9, 905-568-4828,  #0526,"
-73.660251,45.535566,"Costco: Marché Central,","1015 rue du Marché Central, Montreal, QC, H4N 3J4, 514-381-1251,  #0527,"
-73.81791,45.47097,"Costco: Pointe Claire,","5701 Trans-Canada Nord, Pointe-Claire, QC, H9R 1B7, 514-426-5052,  #0528,"
-74.01786,45.76488,"Costco: Saint-Jérôme, (Gas),","1001 boul Jean-Baptiste-Rolland, Saint-Jerome, QC, J7Z 5T6, 450-476-9000,  #0529,"
-81.293356,42.987548,"Costco: North London,","693 Wonderland Road North, London, ON, N6H 4L1, 519-474-5300,  #0530,"
-79.687711,43.521232,"Costco: South Mississauga,","3180 Laird Road, Mississauga, ON, L5L 5P8, 905-828-3340,  #0531,"
-73.40544,45.57533,"Costco: Boucherville (Gas),","635 Chemin de Touraine, Boucherville, QC, J4B 5E4, 450-645-2632,  #0532,"
-76.56001,44.26071,"Costco: Kingston,","1015 Centennial Dr, Kingston, ON, K7P 3B7, 613-549-2527,  #0533,"
-82.965596,42.254776,"Costco: Windsor (Gas),","4411 Walker Road 4411 Walker Road, Windsor, ON, N8W 3T6, 519-972-1899,  #0534,"
-79.454842,43.730577,"Costco: Downsview,","100 Billy Bishop Way, Toronto, ON, M3K 2C8, 416-635-8175,  #0535,"
-71.084096,48.382756,"Costco: Chicoutimi,","2500 boul Talbot RR4, Chicoutimi, QC, G7H 5B1, 418-696-1112,  #0536,"
-79.296688,43.759022,"Costco: Scarborough,  (Gas),","1411 Warden Ave, Scarborough, ON, M1R 2S3, 416-288-0033,  #0537,"
-64.82886,46.11745,"Costco: Moncton,","25 Trinity Dr, Moncton, NB, E1G 2J7, 506-855-7382,  #0538,"
-52.714859,47.614792,"Costco: St. John's (Gas),","28 Stavanger Dr, St John's, NL, A1A 5E8, 709-738-8612,  #0539,"
-75.72593,45.33812,"Costco: Nepean (Gas),","1849 Merivale Road, Nepean, ON, K2G 1E3, 613-727-4786,  #0540,"
-75.911847,45.302573,"Costco: Kanata,","770 Silver Seven Rd, Kanata, ON, K2V 1A5, 613-270-5550,  #0541,"
-75.70072,45.4752,"Costco: Gatineau,","1100 Boul. Maloney Ouest, Gatineau, QC, J8T 6G3, 819-246-4005,  #0542,"
-114.16206,51.15717,"Costco: Calgary NW (Gas),","Hwy 201 Exit 46; 11588 Sarcee Trail NW, Calgary, AB, T3R 0A1, 403-516-3701,  #0543,"
-113.3184,53.54635,"Costco: Sherwood Park (Gas),","2201 Broadmoor Blvd, Sherwood, AB, T8H 0A1, 780-410-2520,  #0544,"
-79.2527,43.85166,"Costco: East Markham,","65 Kirkham Dr, Markham, ON, L3S 0A9, 905-201-3500,  #0545,"
-79.542378,43.786207,"Costco: Vaughn (Gas),","71 Colossus Dr, Woodbridge, ON, L4L 9J8, 905-264-8337,  #0547,"
-97.20549,49.82027,"Costco: Winnipeg South (Gas),","2365 McGillivray Blvd, Winnipeg, MB, R3Y 0A1, 204-487-5100,  #0549,"
-63.566487,44.70445,"Costco: Dartmouth,","137 Countryview Dr, Dartmouth, NS, B3B 0E7, 902-481-7637,  #0551,"
-123.10879,49.27861,"Costco: Downtown Vancouver,","605 Expo Blvd, Vancouver, BC, V6B 1V4, 604-622-5050,  #0552,"
-73.516721,45.37101,"Costco: Candiac (Gas),","60 rue Strasbourg, Candiac, QC, J5R 0B4, 450-444-3453,  #0556,"
-118.342576,33.918618,"Business Center: Hawthorne,","12530 Praire Ave, Hawthorne, CA, 90250, 310-220-8826,  #0564,"
-118.141262,33.994516,"Business Center: Commerce (Gas),","I-5 Exit 128; 6333 Telegraph Rd, Commerce, CA, 90040, 323-767-2640,  #0569,"
-117.153749,32.816477,"Business Center: San Diego,","7803 Othello Ave, San Diego, CA, 92111, 858-790-6750,  #0578,"
-78.34119,44.27191,"Costco: Peterborough (Gas),","485 The Parkway, Peterborough, ON, K9J 0B3, 705-750-2600,  #0591,"
-79.392051,43.901816,"Costco: Richmond Hill,","35 John Birchall Rd, Richmond Hill, ON, L4S 0B2, 905-780-2100,  #0592,"
-112.794871,49.660711,"Costco: Lethbridge (Gas),","3200 Mayor Magrath Drive South, Lethbridge, AB, T1K 6Y6, 403-320-8903,  #0593,"
-110.732632,50.062658,"Costco: Medicine Hat (Gas),","2350 Box Springs Blvd, Medicine Hat, AB, T1C 0C8, 403-581-5700,  #0593,"
-81.785933,26.489631,"Costco: Estero (Gas),","I-75 Exit 128; 10088 Gulf Center Dr, Fort Myers, FL, 33913, 239-433-7242,  #0621,"
-111.95353,40.690047,"Costco: West Valley (Gas),","3747 South 2700 West, West Valley, UT, 84119, 801-996-9008,  #0622,"
-80.221067,26.683311,"Costco: Royal Palm Beach (Gas),","11001 Southern Blvd, Royal Palm Beach, FL, 33411, 561-803-8830,  #0623,"
-122.604393,47.357357,"Costco: Gig Harbor (Gas),","10990 Harbor Hill Dr, Gig Harbor, WA, 98335, 253-853-8600,  #0624,"
-81.815714,41.317393,"Costco: Strongsville (Gas),","I-71 Exit 231; 16690 Royalton Rd, Strongsville, OH, 44136, 440-783-3415,  #0625,"
-77.295311,38.643205,"Costco: Potomac Mills (Gas),","2700 Potomac Mills Circle, Woodbridge, VA, 22192, 703-490-7410,  #0626,"
-117.443071,34.137526,"Costco: Fontana (Gas),","I-210 Exit 66 or 67; 16505 Sierra Lakes Pkwy, Fontana, CA, 92336, 909-770-5639,  #0627,"
-87.921614,43.432946,"Costco: Grafton (Gas),","950 Port Washington Rd, Grafton, WI, 53024, 262-204-1050,  #0628,"
-104.983261,39.99149,"Costco: Thornton (Gas),","I-25 Exit 228 or 229; 16375 N Washington St, Thornton, CO, 80023, 303-474-3255,  #0629,"
-86.886137,36.139459,"Costco: Nashville (Gas),","6670 Charlotte Pike, Nashville, TN, 37209, 615-354-5100,  #0630,"
-84.469816,33.880435,"Costco: Cumberland Mall (Gas),","I-285 Exit 20; 2900 Cumberland Mall, Atlanta, GA, 30339, 770-431-1700,  #0631,"
-82.977433,40.150981,"Costco: Columbus (Gas),","1500 Gemini Pl, Columbus, OH, 43240, 614-987-1900,  #0632,"
-112.002503,46.615453,"Costco: Helena (Gas),","2195 E Custer Ave, Helena, MT, 59602, 406-495-7050,  #0633,"
-85.573143,38.316334,"Costco: Louisville (Gas),","I-265 Exit 34 ;5020 Norton Healthcare Blvd, Louisville, KY, 40241, 502-420-0170,  #0634,"
-77.872737,34.248883,"Costco: Wilmington (Gas),","5351 Gingerwood Dr, Wilmington, NC, 28405, 910-798-3252,  #0635,"
-96.90954,32.621583,"Costco: Duncanville (Gas),","250 West Hwy-67, Duncanville, TX, 75137, 469-221-8113,  #0636,"
-106.890825,39.644362,"Costco: Gypsum Eagle County (Gas/Diesel),","170 Cooley Mesa Rd, Gypsum, CO, 81637, 970-328-7601,  #0637,"
-116.273501,33.704383,"Costco: La Quinta (Gas),","79795 Hwy-111, La Quinta, CA, 92253, 760-775-0370,  #0638,"
-159.379545,21.967039,"Costco: Kauai (Gas),","4300 Nuhou St, Lihue Hawaii, HI, 96766, 808-241-4000,  #0640,"
-97.842625,30.219083,"Costco: South Austin,","4301 W William Cannon Dr, South Austin, TX, 78749, 512-382-3011,  #0641,"
-122.191152,48.147558,"Costco: Marysville (Gas),","I-5 Exit 206; 16616 Twin Lakes Ave, Marysville, WA, 98271, 360-652-4530,  #0642,"
-119.058331,35.297436,"Costco: Bakersfield SW (Gas),","Hwy 99 Exit 20; 4900 Panama Ln, Bakersfield, CA, 93308, 661-398-4750,  #0643,"
-111.744989,33.296136,"Costco: Gilbert SE (Gas),","2887 S Market St, Gilbert, AZ, 85295, 480-366-3950,  #0644,"
-78.621729,35.818085,"Costco: Raleigh (Gas),","2838 Wake Forest Rd, Raleigh, NC, 27609, 919-755-2801,  #0645,"
-119.738431,39.579072,"Costco: Sparks (Gas),","4810 Galleria Pkwy, Sparks, NV, 89436, 775-356-4400,  #0646,"
-87.861904,41.599465,"Costco: Orland Park (Gas),","9915 W 159th Street, Orland Park, IL, 60462, 708-645-5336,  #0647,"
-93.4238,45.092965,"Costco: Maple Grove (Gas),","11330 Fountains Dr N, Maple Grove, MN, 55369, 763-494-8052,  #0648,"
-79.921744,40.402736,"Costco: Homestead (Gas),","501 W Waterfront Dr, West Homestead, PA, 15120, 412-205-1002,  #0649,"
-119.787951,36.839631,"Costco: Fresno North (Gas),","Hwy 41 Exit 134, 7100 N Abby St, Fresno, CA, 93720, 559-437-3643,  #0657,"
-121.475704,37.750507,"Costco: Tracy (Gas),","I-205 EXit 6; 3250 W Grant Line Rd, Tracy, CA, 95377, 209-830-5343,  #0658,"
-122.717443,38.353073,"Costco: Rohnert Park (Gas),","Hwy 101 Exit 483; 5901 Redwood Dr, Rohnert Park, CA, 94928, 707-540-9113,  #0659,"
-122.308696,47.156326,"Costco: Puyallup (Gas),","1201 39th SW, Puyallup, WA, 98373, 253-445-7543,  #0660,"
-121.066252,37.700208,"Costco: Modesto (Gas),","Hwy 99 Exit 233; 3801 Pelandale Ave, Modesto, CA, 95356, 209-342-4903,  #0661,"
-122.33696,48.454334,"Costco: Burlington (Gas),","1725 S Burlington Blvd, Burlington, WA, 98233, 360-757-5703,  #0662,"
-122.034196,37.959142,"Costco: Concord (Gas),","2400 Monument Blvd, Concord, CA, 94520, 925-566-4003,  #0663,"
-96.699569,33.044542,"Costco: Plano East (Gas),","3800 N. Central Expressway, Plano, TX, 75074, 972-244-0003,  #0664,"
-112.095189,33.520692,"Costco: Phoenix (Gas),","I-17 Exit 203; 1646 W Montebello Ave, Phoenix, AZ, 85015, 602-293-4524,  #0665,"
-106.52992,35.068429,"Costco: Albuquerque (Gas),","500 Eubank Blvd SE, Albuquerque, NM, 87123, 505-332-6603,  #0667,"
-97.114497,32.684115,"Costco: Arlington (Gas),","600 West Arbrook Blvd, Arlington, TX, 76014, 817-417-1603,  #0668,"
-97.112156,32.941412,"Costco: Southlake (Gas),","2601 E State Hwy-114, Southlake, TX, 76092, 817-749-2803,  #0669,"
-117.33285,47.65836,"Costco: Spokane (Gas),","5601 East Sprague Ave, Spokane, WA, 99212, 509-842-0003,  #0670,"
-118.373465,33.899816,"Costco: Hawthorne (Gas),","I-405 Exit 43; 14501 Hindry Ave, Hawthorne, CA, 90250, 310-727-0403,  #0671,"
-113.523511,37.122465,"Costco: St. George (Gas),","835 North 3050 East, St George, UT, 84790, 435-256-0003,  #0672,"
-115.037582,36.069821,"Costco: Henderson (Gas),","791 Marks St, Henderson, NV, 89014, 702-352-2010,  #0673,"
-112.232641,33.642349,"Costco: Glendale (Gas),","Hwy 101 Exit 15; 17550 N 79th Ave, Glendale, AZ, 85308, 623-776-4003, Car Wash, #0674,"
-95.548021,29.954581,"Costco: Willowbrook (Gas),","12405 N Gessner Rd, Houston, TX, 77064, 832-912-2353,  #0675,"
-105.083002,39.790269,"Costco: Arvada (Gas),","I-70 Exit 269; 5195 Wadsworth Blvd, Arvada, CO, 80002, 303-463-3603,  #0676,"
-118.323807,34.185815,"Costco: Burbank (Gas),","I-5 Exit 146; 1051 Burbank Blvd, Burbank, CA, 91506, 818-557-3783,  #0677,"
-117.548114,34.079006,"Costco: Rancho Cucamonga (Gas),","I-15 Exit 110; 11800 4th St, Rancho Cucamonga, CA, 91730, 909-581-1703,  #0678,"
-117.922303,33.994637,"Costco: City of Industry (Gas),","Hwy 60 Exit 18; 17550 Castleton St, City of Industry, CA, 91748, 626-839-3053,  #0679,"
-95.52999,29.787768,"Costco: Bunker Hill (Gas),","1150 Bunker Hill Rd, Houston, TX, 77055, 713-576-2050,  #0680,"
-97.743685,30.396721,"Costco: Austin (Gas),","10401 Research Blvd, Austin, TX, 78759, 512-634-2250,  #0681,"
-123.065067,44.63864,"Costco: Albany (Gas),","3130 Killdeer Ave, Albany, OR, 97321, 541-918-7040,  #0682,"
-96.963593,32.99835,"Costco: Lewisville (Gas),","851 S. State Hwy-121, Lewisville, TX, 75067, 469-948-1026,  #0683,"
-96.831029,33.024348,"Costco: Plano West (Gas),","1701 Dallas Pkwy, Plano, TX, 75093, 972-246-2203,  #0684,"
-115.332961,36.163236,"Costco: Summerlin (Gas),","801 S. Pavilion Center Dr, Las Vegas, NV, 89144, 702-352-2053,  #0685,"
-117.690558,34.083034,"Costco: Montclair (Gas),","I-10 Exit 49; 9404 Central Ave, Montclair, CA, 91763, 909-575-5004,  #0686,"
-157.87112,21.318564,"Costco: Iwilei (Oahu) (Gas),","525 Alakawa St, Honolulu  Oahu, HI, 96817, 808-526-6103,  #0687,"
-119.049137,35.384448,"Costco: Bakersfield (Gas/Diesel),","Hwy 99 Exit 26; 3800 Rosedale Hwy, Bakersfield, CA, 93308, 661-852-2643,  #0688,"
-98.597208,29.576109,"Costco: San Antonio NW (Gas),","5611 Utsa Blvd, San Antonio, TX, 78249, 210-200-2023,  #0689,"
-117.710912,33.566778,"Costco: Laguna Marketplace  (Gas),","27220 Heather Ridge Rd, Laguna Niguel, CA, 92677, 949-389-8703,  #0690,"
-112.274438,33.467334,"Costco: Avondale (Gas),","I-10 Exit 133; 10000 W McDowell Rd, Avondale, AZ, 85323, 623-907-5663,  #0691,"
-122.935438,45.536192,"Costco: Hillsboro (Gas),","1255 NE 48th Avenue, Hillsboro, OR, 97124, 503-681-2800,  #0692,"
-98.47535,29.612209,"Costco: Sonterra Park,","1201 North Loop 1604 East, San Antonio, TX, 78232, 210-403-4703,  #0693,"
-121.980193,38.35053,"Costco: Vacaville (Gas),","1051 Hume Way, Vacaville, CA, 95687, 707-453-7343,  #0694,"
-111.82328,40.389995,"Costco: Lehi (Gas),","198 North 1200 East, Lehi, UT, 84043, 801-653-2710,  #0733,"
-116.589753,43.614889,"Costco: Nampa (Gas),","I-84 Exit 33; 16700 N Marketplace Blvd, Nampa, ID, 83687, 208-465-3810,  #0734,"
-111.895108,40.889379,"Costco: Bountiful (Gas),","573 West 100 North, West Bountiful, UT, 84087, 801-299-3940,  #0735,"
-111.898873,33.293473,"Costco: Chandler (Gas),","Hwy 202 Exit 50B; 595 S Galleria Way, Chandler, AZ, 85226, 480-375-2051,  #0736,"
-115.209434,36.278941,"Costco: Centennial (Gas),","6555 N Decatur Blvd, Las Vegas, NV, 89131, 702-415-2300,  #0737,"
-112.028789,33.67133,"Costco: Cave Creek (Gas),","Hwy 101 Exit 28; 2450 E Beardsley Rd, Phoenix, AZ, 85050, 480-375-2850,  #0738,"
-74.157622,40.05429,"Costco: Brick Township (Gas),","465 Route 70, Brick, NJ, 08723, 732-262-6300,  #0739,"
-122.760505,47.06002,"Costco: Lacey (Gas),","I-5 Exit 111; 1470 Marvin Rd NE;, Lacey, WA, 98516, 360-412-3500,  #0740,"
-120.691223,35.251848,"Costco: San Luis Obispo (Gas),","1540 Froom Ranch Way, San Luis Obispo, CA, 93401, 805-541-7000,  #0741,"
-80.360331,26.009617,"Costco: Pembroke Pines (Gas),","I-75 Exit 9; 15915 Pines Blvd, Pembroke Pines, FL, 33027, 954-266-3460,  #0742,"
-84.277495,34.090509,"Costco: Alpharetta (Gas),","Hwy 19 Exit 11; 2855 Jordan Ct, Alpharetta, GA, 30004, 678-823-4950,  #0743,"
-85.764064,42.8766,"Costco: Wyoming (Gas),","4901 Wilson Ave, Wyoming, MI, 49418, 616-406-2651,  #0744,"
-114.29897,48.174177,"Costco: Kalispell (Gas),","2330 US Hwy-93 N, Kalispell, MT, 59901, 406-758-2500,  #0745,"
-117.339829,33.696321,"Costco: Lake Elsinore (Gas),","I-15 Exit 77; 29315 Central Ave, Lake Elsinore, CA, 92532, 951-253-6030,  #0746,"
-122.148822,47.779327,"Costco: Woodinville (Gas/Diesel),","24008 Snohomish-Woodinville Rd SE, Woodinville, WA, 98072, 425-806-7700,  #0747,"
-118.039464,33.804531,"Costco: Cypress (Gas),","I-605 Exit 1; 5401 Katella Ave, Cypress, CA, 90720, 562-668-5152,  #0748,"
-74.907553,39.971767,"Costco: Mount Laurel (Gas),","100 Centerton Rd, Mount Laurel, NJ, 08054, 856-359-3650,  #0749,"
-121.556611,37.008381,"Costco: Gilroy (Gas),","Hwy 101 Exit 356; 7251 Camino Arroyo, Gilroy, CA, 95020, 408-848-0700,  #0760,"
-116.27669,43.585077,"Costco: Boise (Gas),","I-84 Exit 50; 2051 S Cole Rd, Boise, ID, 83709, 208-321-8703, Car Wash, #0761,"
-118.151561,34.66175,"Costco: Lancaster (Gas),","Hwy 14 Exit 41; 1141 West Ave L, Lancaster, CA, 93534, 661-802-4470, Car Wash, #0762,"
-111.889559,40.657335,"Costco: Murray (Gas),","5201 South Intermountain Dr, Murray, UT, 84107, 801-290-4200,  #0764,"
-121.109486,38.645499,"Costco: Folsom (Gas),","Hwy 50 Exit 27; 1800 Cavitt Court, Folsom, CA, 95630, 916-850-1000,  #0765,"
-122.763322,45.332652,"Costco: Wilsonville (Gas),","I-5 Exit 286; 25900 SW Heather Pl;, Wilsonville, OR, 97070, 503-825-4003,  #0766,"
-122.373955,47.238297,"Business Center: Fife,","3900 20th St East, Fife, WA, 98424, 253-719-1953,  #0767,"
-106.409464,31.78226,"Costco: El Paso (Gas),","6101 Gateway West Blvd, I-10 Exit 23, El Paso, TX, 79925, 915-774-5203,  #0768,"
-118.333785,33.943286,"Costco: Inglewood (Gas),","3560 West Century Blvd, Inglewood, CA, 90303, 310-242-2777,  #0769,"
-111.977648,41.19704,"Costco: Ogden (Gas),","3656 Wall Ave, Ogden, UT, 84405, 801-317-3950,  #0770,"
-121.29713,38.689428,"Costco: Citrus Heights (Gas),","7000 Auburn Blvd, Citrus Heights, CA, 95621, 916-560-4000,  #0771,"
-122.603762,45.685485,"Costco: Vancouver (Gas),","6720 NE 84th Street, Vancouver, WA, 98665, 360-828-2262,  #0772,"
-116.783026,47.708846,"Costco: Coeur D'Alene (Gas),","355 East Neider Ave, Coeur D'Alene, ID, 83815, 208-676-7350,  #0773,"
-88.339285,42.178622,"Costco: Lake in the Hills (Gas),","250 N. Randall Rd, Lake in the Hills, IL, 60156, 847-960-9909,  #0774,"
-117.032326,32.93518,"Costco: Poway (Gas),","12155 Tech Center Dr, Poway, CA, 92064, 858-848-2451, Car Wash, #0775,"
-117.9687,33.933034,"Costco: La Habra (Gas),","101 N Beach Blvd, La Habra, CA, 90631, 562-524-0001,  #0777,"
-121.973307,37.50183,"Costco: Fremont (Gas),","I-880 Exit 15; 43621 Pacific Commons Blvd, Fremont, CA, 94538, 510-897-1091,  #0778,"
-87.932579,42.083331,"Costco: Mount Prospect (Gas),","999 N. Elmhurst Rd, Mount Prospect, IL, 60056, 847-660-2000,  #0779,"
-72.575101,41.994163,"Costco: Enfield (Gas),","I-91 Exit 47; 75 Freshwater Blvd, Enfield, CT, 06082, 860-394-2001,  #0780,"
-120.888552,37.519131,"Costco: Turlock (Gas),","Hwy 99 Exit 215; 2955 North Tegner Rd, Turlock, CA, 95380, 209-656-5301,  #0782,"
-93.435923,44.860296,"Costco: Eden Prairie (Gas),","12011 Technology Dr, Eden Prairie, MN, 55344, 952-943-4801,  #0783,"
-85.542822,42.910571,"Costco: Grand Rapids East (Gas),","I-96 Exit 43; 5100 28th Street SE, Grand Rapids, MI, 49508, 616-233-4401,  #0784,"
-72.706843,40.925794,"Costco: Riverhead (Gas),","1768 Old Country Rd, Riverhead, NY, 11901, 631-655-0110,  #0785,"
-83.761964,42.503781,"Costco: Green Oak Township (Gas),","6700 Whitmore Lake Rd, Brighton, MI, 48116, 810-220-8950,  #0786,"
-93.805066,41.56272,"Costco: Des Moines (Gas),","I-35 Exit 70; 7205 Mills Civic Pkwy, West Des Moines, IA, 50266, 515-222-2921,  #0788,"
-112.127938,33.492157,"Business Center: Phoenix (Gas),","I-17 Exit 202; 3801 N 33rd Ave, Phoenix, AZ, 85017, 480-293-2123,  #0827,"
-76.793645,39.186369,"Costco: Columbia (Gas),","6675 Marie Curie Dr, Elkridge, MD, 21075, 410-423-4052,  #1000,"
-117.822905,33.699912,"Costco: Tustin 2 (Gas),","2700 Park Ave, Tustin, CA, 92782, 714-338-1933,  #1001,"
-121.838914,38.009793,"Costco: Antioch (Gas),","Hwy 4 Exit 26; 2201 Verne Roberts Cir, Antioch, CA, 94509, 925-757-7130,  #1002,"
-121.722189,38.672585,"Costco: Woodland (Gas),","I-5 Exit 536; 2299 Bronze Star Dr, Woodland, CA, 95776, 530-406-2120,  #1003,"
-121.884167,37.390484,"Costco: San Jose NE (Gas),","I-680 Exit 5; 1709 Automation Pkwy, San Jose, CA, 95131, 408-678-2150,  #1004,"
-82.313073,34.836061,"Costco: Greenville (Gas),","I-385 Exit 37; 1021 Woodruff Rd, Greenville, SC, 29607, 864-297-2560,  #1005,"
-82.311008,34.836086,"Costco: Selma (Gas),","15330 IH-35 North, Selma, TX, 78154, 210-332-1072,  #1006,"
-83.626029,41.675652,"Costco: Toledo (Gas),","3405 West Central Ave, Toledo, OH, 43606, 419-381-5000,  #1007,"
-81.997836,34.940014,"Costco: Spartanburg (Gas),","211 W Blackstock Rd, Spartanburg, SC, 29301, 864-515-4940,  #1008,"
-86.150351,32.364358,"Costco: Montgomery (Gas),","I-85 Exit 11; 8251 Eastchase Pkwy, Montgomery, AL, 36117, 334-270-7460,  #1009,"
-121.811364,39.721196,"Costco: Chico (Gas),","Hwy 99 Exit 384; 2100 Dr Martin Luther King Jr Way, Chico, CA, 95928, 530-332-1740,  #1011,"
-96.105066,41.265701,"Costco: Omaha (Gas),","12300 West Dodge Rd, Omaha, NE, 68154, 402-952-3240,  #1012,"
-104.71771,38.892736,"Costco: Colorado Springs East (Gas),","5885 Barnes Rd, Colorado Springs, CO, 80922, 719-591-3000,  #1014,"
-117.828417,34.113535,"Costco: San Dimas (Gas),","520 N Lone Hill Ave, San Dimas, CA, 91773, 909-962-5507,  #1015,"
-106.662063,35.195646,"Costco: Albuquerque (Gas),","9955 Coors Blvd Bypass NW, Albuquerque, NM, 87114, 505-922-7400,  #1016,"
-119.306547,36.29282,"Costco: Visalia (Gas),","1405 W Cameron Ave, Visalia, CA, 93277, 559-735-2400,  #1017,"
-95.439146,29.73367,"Costco: Houston Galleria (Gas),","3836 Richmond Ave, Houston, TX, 77027, 832-325-5850,  #1018,"
-111.975572,40.559958,"Costco: South Jordan (Gas/Diesel),","3571 W 10400 S, South Jordan, UT, 84095, 801-523-5287,  #1019,"
-89.519131,43.101305,"Costco: Middleton (Gas),","2150 Deming Way, Middleton, WI, 53562, 608-824-3950,  #1020,"
-93.039783,45.029315,"Costco: Maplewood (Gas),","1431 Beam Ave, Maplewood, MN, 55109, 612-486-1738,  #1021,"
-104.775951,39.555576,"Costco: Parker (Gas),","E-470 Exit 5, 18414 Cottonwood Dr, Parker, CO, 80134, 303-583-1937,  #1022,"
-80.41256,25.653246,"Costco: Kendall (Gas),","13450 SW 120th Street, Kendall, FL, 33186, 305-964-4227,  #1023,"
-74.287694,39.706722,"Costco: Manahawkin (Gas),","245 Stafford Park Blvd, Manahawkin, NJ, 08050, 609-242-2011,  #1025,"
-84.212088,30.460557,"Costco: Tallahassee (Gas),","4067 Lagniappe Way, Tallahassee, FL, 32317, 850-219-2500,  #1026,"
-105.008148,39.643831,"Costco: Sheridan (Gas),","4000 River Point Pkwy, Sheridan, CO, 80110, 303-200-1830,  #1027,"
-111.669376,33.388798,"Costco: Mesa (Gas),","Hwy 60 Exit 189; 1444 S Sossaman Road, Mesa, AZ, 85209, 480-333-6550,  #1028,"
-122.121742,47.355307,"Costco: Covington (Gas)),","27520 Covington Way SE, Covington, WA, 98042, 253-796-1002,  #1029,"
-104.821879,38.905252,"Costco: Colorado Springs West (Gas),","5050 N Nevada Ave, Colorado Springs, CO, 80918, 719-264-5010,  #1030,"
-121.260319,37.785154,"Costco: Manteca (Gas),","Hwy 120 Exit 3; 2440 Daniels St, Manteca, CA, 95336, 209-825-8200,  #1031,"
-112.45517,42.904996,"Costco: Pocatello (Gas),","I-86 Exit 61; 305 West Quinn, Pocatello, ID, 83202, 208-238-4040,  #1033,"
-158.087532,21.32673,"Costco: Kapolei (Gas),","4589 Kapolei Pkwy, Kapolie Oahu, HI, 96707, 808-674-3900,  #1038,"
-76.872485,38.670319,"Costco: Brandywine (Gas),","16006 Crain Hwy SE, Brandywine, MD, 20613, 301-372-3200,  #1039,"
-88.343044,41.909392,"Costco: St. Charles (Gas),","221 S. Randall Rd, St Charles, IL, 60174, 630-549-2022,  #1040,"
-122.216576,37.479307,"Costco: Redwood City (Gas),","Hwy 101 Exit 408; 2300 Middlefield Rd;, Redwood City, CA, 94063, 650-365-9384,  #1042,"
-96.445721,32.908196,"Costco: Rockwall (Gas),","1225 State Hwy 276, Rockwall, TX, 75032, 972-772-1600,  #1049,"
-118.136754,33.8505,"Costco: Lakewood (Gas),","340 Lakewood Center Mall, Lakewood, CA, 90712, 562-295-1506,  #1050,"
-66.02678,45.3049,"Costco: Saint John,","300 Retail Dr, Saint John, NB, E2J 2R2, 506-635-5300,  #1055,"
-111.983713,33.6008,"Costco: Paradise Valley (Gas),","4570 E Cactus Rd, Phoenix, AZ, 85032, 480-308-7044,  #1058,"
-90.507433,38.597675,"Costco: Manchester (Gas),","301 Highlands Blvd Dr, Manchester, MO, 63011, 636-686-7400,  #1060,"
-122.088805,37.615927,"Costco: Hayward (Gas),","I-880 Exit 25; 28505 Hesperian Blvd, Hayward, CA, 94545, 510-921-3126,  #1061,"
-122.10278,37.667516,"Business Center: Hayward,","I-880 Exit 29; 22330 Hathaway Ave, Hayward, CA, 94541, 510-259-6600,  #1061,"
-73.93146,40.795715,"Costco: Manhattan,","517 E 117th St, New York, NY, 10035, 212-896-5882,  #1062,"
-113.94889,50.70502,"Costco: Okotoks (Gas),","202-104 Southbank Blvd, Okotoks, AB, T1S 0G1, 403-995-5150,  #1069,"
-73.863572,40.73333,"Costco: Rego Park,","61-35 Junction Blvd, Rego Park, NY, 11374, 718-760-6470,  #1070,"
-118.427186,34.272342,"Costco: Pacoima (Gas),","Hwy 118 Exit 44; 13550 W Paxton St, Pacoima, CA, 91331, 818-272-2700,  #1071,"
-123.349807,43.259358,"Costco: Roseburg (Gas),","4141 NE Stephens, Roseburg, OR, 97470, 541-378-0020,  #1073,"
-87.903328,42.238313,"Costco: Mettawa (Gas),","25901 Riverwoods Rd, Mettawa, IL, 60045, 847-235-1300,  #1074,"
-113.989264,51.204665,"Costco: Rocky View (Gas),","Hwy 2 Exit 275; 300-261200 Crossiron Blvd, Rocky View, AB, T4A 0J6, 403-516-5050,  #1076,"
-76.851797,38.923783,"Costco: Woodmore Towne Centre (Gas),","2400 Five Lees Ln, Lanham, MD, 20706, 301-341-6740,  #1078,"
-110.946766,32.179971,"Costco: Tucson SW (Gas),","I-10 Exit 261; 1650 E Tucson Marketplace, Tuscon, AZ, 85713, 520-791-7340,  #1079,"
-75.574669,40.238706,"Costco: Sanatoga (Gas),","14 West Lightcap Rd, Pottstown, PA, 19464, 610-569-4137,  #1081,"
-85.194667,34.968399,"Costco: Fort Oglethorpe (Gas),","I-75 Exit 353; 100 Cobb Parkway, Ringgold, GA, 30742, 706-891-2577,  #1083,"
-84.336724,33.872188,"Costco: Brookhaven, (Gas),","500 Brookhaven Ave, Atlanta, GA, 30319, 404-460-1915,  #1084,"
-87.836304,41.910016,"Costco: Melrose Park (Gas),","8400 W North Ave, Melrose Park, IL, 60160, 708-397-2905,  #1085,"
-122.472294,45.622389,"Costco: Vancouver (Gas),","19610 SE 1st Street, Vancouver, WA, 98607, 360-258-6221,  #1086,"
-93.293897,44.749076,"Costco: Burnsville (Gas),","14050 Burnhaven Dr, Burnsville, MN, 55337, 952-229-6449,  #1087,"
-88.032535,41.728379,"Costco: Bolingbrook (Gas),","830 E Boughton Rd, Bolingbrook, IL, 60108, 630-410-0700,  #1088,"
-77.605102,37.514582,"Costco: Chesterfield (Gas),","1401 Mall DR, Richmond, VA, 23235, 804-464-9110,  #1089,"
-66.661928,45.928946,"Costco: Fredericton (Gas),","25 Wayne Squibb Blvd, Fredericton, NB, E3C 0G8, 506-460-4100,  #1090,"
-121.263328,38.10026,"Costco: Lodi (Gas),","Hwy 99 Exit 263; 2680 Reynolds Ranch Pkwy, Lodi, CA, 95240, 209-366-7300,  #1091,"
-124.9619,49.713216,"Costco: Courtenay (Gas),","588 Crown Isle Blvd, Courtenay, BC, V9N 0A6, 250-331-8700,  #1092,"
-74.303647,40.360838,"Costco: Marlboro (Gas),","18 Rte 9, Morganville, NJ, 07751, 732-617-4340,  #1093,"
-96.837102,33.171763,"Costco: Frisco (Gas),","11220 Dallas Pkwy, Frisco, TX, 75033, 469-200-7107,  #1097,"
-88.231393,43.089596,"Costco: Pewaukee (Gas),","443 Pewaukee Rd, Pewaukee, WI, 53072, 262-956-6700,  #1101,"
-82.020216,33.525053,"Costco: Augusta (Gas),","I-20 Exit 200; 825 Alexander Dr, Augusta, GA, 30909, 706-739-1700,  #1102,"
-75.080092,40.196711,"Costco: Bucks County (Gas),","100 Veterans Way, Warminster, PA, 18974, 213-347-1950,  #1103,"
-83.743887,42.230682,"Costco: Pittsfield Township (Gas),","771 Airport Blvd, Pittsfield, MI, 48108, 734-213-8010,  #1106,"
-87.66687,41.86271,"Costco: Chicago - South Loop (Gas),","1430 S Ashland Ave, Chicago, IL, 60608, 312-492-3600,  #1107,"
-87.667529,41.862124,"Costco: Pharrr (Gas),","1501 West Kelly Ave, Pharr, TX, 78577, 956-354-3900,  #1108,"
-117.996841,33.732982,"Costco: Huntington Beach (Gas),","I-405 Exit 16; 7562 Center Ave, Huntington Beach, CA, 92647, 714-372-7510,  #1110,"
-91.617249,41.69748,"Costco: Coralville (Gas),","I-80 Exit 240; 2900 Heartland Dr, Coralville, IA, 52241, 319-545-3200,  #1111,"
-113.68796,53.5286,"Costco: Edmonton West (Gas),","7259 Winterburn Rd, Edmonton, AB, T5T 6T7, 780-341-2810,  #1112,"
-75.531831,39.889768,"Costco: Concordville (Gas),","700 Evergreen Dr, Glen Mills, PA, 19342, 610-387-2205,  #1114,"
-77.089955,38.742555,"Costco: Mt Vernon,","7940 Richmond Hwy, Alexandria, VA, 22306, 571-458-3500,  #1115,"
-84.14115,35.896308,"Costco: Farragut (Gas),","10745 Kingston Pike, Farragut, TN, 37934, 865-218-7700,  #1116,"
-111.649574,40.124046,"Costco: Spanish Fork (Gas),","273 East 1000 North, I-15 Exit 210, Spanish Fork, UT, 84660, 801-504-9530,  #1118,"
-96.887814,46.844475,"Costco: West Fargo (Gas),","I-94 Exit 347; 750 23rd Ave East, West Fargo, ND, 58078, 701-281-2220,  #1119,"
-76.950432,38.920378,"Costco: Washington,","2441 Market St NE, Washington, DC, 20018, 202-269-8540,  #1120,"
-89.273419,43.167476,"Costco: Sun Prairie (Gas),","2850 Hoepker Rd, Sun Prairie, WI, 53590, 608-825-4001,  #1121,"
-94.247851,46.348716,"Costco: Baxter (Gas),","13650 Elder Dr, Baxter, MN, 56425, 218-855-5740,  #1122,"
-82.494371,27.234098,"Costco: Sarasota Square Mall (Gas),","8201 S Tamiami Trail, Sarasota, FL, 34328, 941-554-2800,  #1123,"
-92.520854,44.052096,"Costco: Rochester (Gas),","2020 Commerce Dr NW, Rochester, MN, 55901, 507-286-1860,  #1125,"
-89.583497,40.672382,"Costco: East Peoria (Gas),","301 West Washington, East Peoria, IL, 61611, 309-427-2930,  #1126,"
-72.509422,45.909505,"Costco: Drummondville (Gas),","105 Rue-Robert-Bernard, Drummondville, QC, J2C 8N1, 819-473-7575,  #1127,"
-78.856003,43.903757,"Costco: Oshawa (Gas),","130 Ritson Rd North, Oshawa, ON, L1G 1Z7, 905-404-4050,  #1128,"
-77.054972,39.036784,"Costco: Wheaton,","11160 Veirs Mill Rd, Wheaton, MD, 20902, 301-942-3200,  #1129,"
-95.643425,29.585354,"Costco: Sugar Land (Gas),","17520 SW Freeway, Sugar Land, TX, 77479, 281-566-6720,  #1146,"
-90.111344,29.968244,"Costco: New Orleans (Gas),","3900 Dublin St; I-10 Exit 232, New Orleans, LA, 70118, 504-484-5220,  #1147,"
-97.819136,30.527321,"Costco: Cedar Park (Gas),","4601 183A Toll Rd, Cedar Park, TX, 78613, 512-690-9059,  #1152,"
-87.807117,41.844441,"Costco: North Riverside (Gas),","2500 S Harlem Ave, North Riverside, IL, 60546, 708-853-1017,  #1153,"
-84.410291,38.024108,"Costco: Lexington (Gas),","1500 Fitzgerald Ct, Lexington, KY, 40509, 859-245-3620,  #1156,"
-113.639642,53.671545,"Costco: St. Albert (Gas),","1075 St Albert Trail, St Albert, AB, T8N 4K6, 780-544-2008,  #1157,"
-96.739254,43.512658,"Costco: Sioux Falls (Gas),","I-229 Exit 3; 3700 S Grange Ave, Sioux Falls, SD, 57105, 605-988-9140,  #1159,"
-82.904961,40.05336,"Costco: Columbus NE (Gas),","I-270 Exit 33; 3888 Stelzer Rd, Columbus, OH, 43219, 614-934-6211,  #1160,"
-85.159063,41.12631,"Costco: Fort Wayne (Gas),","I-69 Exit 311; 5110 Value Dr, Fort Wayne, IN, 46808, 260-481-1100,  #1161,"
-87.985499,44.457594,"Costco: Bellevue (Gas),","2355 Costco Way, Bellevue, WI, 54311, 920-469-5700,  #1162,"
-101.94746,33.564607,"Costco: Lubbock (Gas),","6020 34th st, Lubbock, TX, 79407, 806-785-1450,  #1163,"
-74.459421,40.611687,"Costco: North Plainfield (Gas),","1290 Hwy 22E, North Plainfield, NJ, 07060, 908-546-5666,  #1166,"
-95.78152,29.782545,"Costco: Katy (Gas),","23645 Katy Freeway; I-10  Exit 742/743, Katy, TX, 77494, 281-347-9900,  #1167,"
-80.294832,43.52272,"Costco: Guelph (Gas),","19 Elmira Rd S, Guelph, ON, N1K 0B6, 519-780-5700,  #1168,"
-79.579596,43.612299,"Costco: Mississauga Central (Gas),","1570 Dundas St E, Mississauga, ON, L4X 1L4, 905-566-2400,  #1169,"
-91.07352,30.420017,"Costco: Baton Rouge (Gas),","10000 Dawndale Ave, Baton Rouge, LA, 70809, 225-295-4600,  #1172,"
-97.32013,32.901671,"Costco: Fort Worth N (Gas),","I-35 Exit 62; 8900 Tehama Ridge Pkwy, Fort Worth, TX, 76117, 817-806-9833,  #1173,"
-74.507287,40.436528,"Costco: North Brunswick Gas),","100 Grand Ave, North Brunswick, NJ, 08902, 732-509-3905,  #1174,"
-84.115514,34.211457,"Costco: Cumming (Gas),","1211 Bald Ridge Marina Rd, Cumming, GA, 30041, 470-239-6610,  #1175,"
-76.270593,43.056499,"Costco: Syracuse (Gas),","120 Township Blvd, Camillus, NY, 13031, 315-883-2361,  #1176,"
-74.254896,40.889996,"Costco: Wayne (Gas),","149 SR 23, Wayne, NJ, 07470, 973-339-4006,  #1177,"
-104.98892,40.520554,"Costco: Timnath (Gas/Diesel),","I-25 Exit 265; 4705 Weitzel St, Timnath, CO, 80547, 970-416-6115,  #1178,"
-86.171755,41.71954,"Costco: Mishawaka (Gas),","625 E University Dr, Granger, IN, 46530, 574-401-7004,  #1183,"
-71.270739,46.727114,"Costco: Levis (Gas),","1160 Rue de la Concorde, Levis, QC, G6W 0M4, 418-834-7100,  #1186,"
-95.453689,30.208462,"Costco: Woodlands (Gas/Diesel),","8185 SH 242; I-45 Exit Hwy 242, Woodlands, TX, 77385, 936-703-2295,  #1189,"
-85.646834,42.27182,"Costco: Kalamazoo (Gas),","I-94 Exit 36; 5100 Century Ave, Kalamazoo, MI, 49006, 269-743-2298,  #1191,"
-88.117864,30.64957,"Costco: Mobile (Gas),","1450 Tingle Circle W; I-65 Exit 1, Mobile, AL, 36606, 251-308-7030,  #1192,"
-83.634441,41.543933,"Costco: Perrysburg (Gas/Diesel),","26400 N Dixie Hwy, I475 Exit 2, Perrysburg, OH, 43551, 567-368-6000,  #1194,"
-77.613867,43.114497,"Costco: Rochester (Gas),","335 Westfall Rd; I-590 Exit 16, Rochester, NY, 14620, 585-471-6906,  #1195,"
-87.921133,42.564538,"Costco: Pleasant Prairie (Gas/Diesel),","7707 94th Ave, I-94 Exit 344, Pleasant Prairie, WI, 53158, 262-597-1027,  #1198,"
-97.22403,37.679637,"Costco: Wichita (Gas),","9700 E Kellog, I-35 Exit 50, Wichita, KS, 67207, 316-226-7142,  #1200,"
-78.490575,38.065549,Costco: Charlottesville.,"The Shops at Stonefield, Charlottesville, VA, 22901, July 2015,"
-122.273414,47.832635,Costco: Lynwood.,"Alderwood Mall, Lynwood, WA. 98037, Aug 2015."
